uptime_ms,raw_t,t_a005,t_a02,t_a05,raw_h,h_a005,h_a02,h_a05
5138,23.85,23.85,23.85,23.85,40.5,40.5,40.5,40.5
10138,23.85,23.85,23.85,23.85,40.4,40.5,40.4,40.4
15138,23.84,23.85,23.85,23.85,40.5,40.5,40.4,40.4
20138,23.86,23.85,23.85,23.85,40.5,40.5,40.4,40.5
25138,23.84,23.85,23.85,23.85,40.5,40.5,40.5,40.5
30138,23.84,23.85,23.85,23.84,40.6,40.5,40.5,40.5
35138,23.84,23.85,23.85,23.84,40.6,40.5,40.5,40.5
40138,23.86,23.85,23.85,23.85,40.5,40.5,40.5,40.5
45138,23.85,23.85,23.85,23.85,40.5,40.5,40.5,40.5
50138,23.86,23.85,23.85,23.86,40.5,40.5,40.5,40.5
55138,23.86,23.85,23.85,23.86,40.5,40.5,40.5,40.5
60138,23.85,23.85,23.85,23.85,40.5,40.5,40.5,40.5
65138,23.86,23.85,23.85,23.86,40.5,40.5,40.5,40.5
70138,23.86,23.85,23.85,23.86,40.5,40.5,40.5,40.5
75138,23.86,23.85,23.86,23.86,40.5,40.5,40.5,40.5
80138,23.87,23.85,23.86,23.86,40.5,40.5,40.5,40.5
85138,23.88,23.85,23.86,23.87,40.5,40.5,40.5,40.5
90138,23.88,23.86,23.87,23.88,40.5,40.5,40.5,40.5
95138,23.91,23.86,23.88,23.89,41.2,40.5,40.6,40.9
100138,27.71,24.05,24.64,25.80,56.1,41.3,43.7,48.5
105138,28.31,24.26,25.38,27.06,70.7,42.8,49.1,59.6
110138,30.59,24.58,26.42,28.82,84.6,44.9,56.2,72.1
115138,29.49,24.83,27.03,29.16,82.1,46.7,61.4,77.1
120138,28.15,24.99,27.26,28.65,83.3,48.5,65.8,80.2
125138,27.52,25.12,27.31,28.09,82.3,50.2,69.1,81.2
130138,27.33,25.23,27.31,27.71,70.2,51.2,69.3,75.7
135138,27.15,25.32,27.28,27.43,57.5,51.5,66.9,66.6
140138,27.00,25.41,27.22,27.21,47.2,51.3,63.0,56.9
145138,26.85,25.48,27.15,27.03,41.5,50.8,58.7,49.2
150138,26.70,25.54,27.06,26.87,39.6,50.3,54.9,44.4
155138,26.57,25.59,26.96,26.72,38.7,49.7,51.6,41.6
160138,26.43,25.63,26.86,26.57,38.3,49.1,49.0,39.9
165138,26.30,25.67,26.74,26.44,37.9,48.6,46.8,38.9
170138,26.19,25.69,26.63,26.31,37.9,48.0,45.0,38.4
175138,26.08,25.71,26.52,26.20,37.8,47.5,43.6,38.1
180138,25.97,25.73,26.41,26.08,37.8,47.0,42.4,37.9
185138,25.86,25.73,26.30,25.97,37.8,46.6,41.5,37.8
190138,25.76,25.73,26.19,25.87,37.8,46.1,40.7,37.8
195138,25.67,25.73,26.09,25.77,37.9,45.7,40.2,37.8
200138,25.59,25.72,25.99,25.68,37.9,45.3,39.7,37.9
205138,25.49,25.71,25.89,25.58,38.0,45.0,39.4,37.9
210138,25.42,25.70,25.80,25.50,38.1,44.6,39.1,38.0
215138,25.35,25.68,25.71,25.43,38.2,44.3,38.9,38.1
220138,25.27,25.66,25.62,25.35,38.3,44.0,38.8,38.2
225138,25.20,25.64,25.54,25.27,38.4,43.7,38.7,38.3
230138,25.14,25.61,25.46,25.21,38.5,43.5,38.7,38.4
235138,25.08,25.59,25.38,25.14,38.7,43.2,38.7,38.5
240138,25.03,25.56,25.31,25.09,38.7,43.0,38.7,38.6
